nome,email,login
Maria Silva,maria.silva@empresa.com,maria.silva
João Santos,joao.santos@empresa.com,joao.santos
Ana Costa,ana.costa@empresa.com,ana.costa
Pedro Oliveira,pedro.oliveira@empresa.com,pedro.oliveira
Carla Souza,carla.souza@empresa.com,carla.souza
Ricardo Lima,ricardo.lima@empresa.com,ricardo.lima
Fernanda Rocha,fernanda.rocha@empresa.com,fernanda.rocha
Lucas Martins,lucas.martins@empresa.com,lucas.martins
Juliana Alves,juliana.alves@empresa.com,juliana.alves
Bruno Pereira,bruno.pereira@empresa.com,bruno.pereira
